{"bot-info.title":"{name} dette er en multifunktionel bot","bot-info.description":"Botten er designet til at lette serverstyring og er udstyret med forskellige automatiseringsværktøjer","bot-info.info-server":"Oplysninger om serveren","bot-info.prefix-server":"> Serverpræfiks - `{prefix}`","translate.placeholder":"Vil vælge det passende sprog:","translate.failed":"Denne meddelelse har intet indhold, så vi kan ikke oversætte den.","captcha.congratulation":"Tillykke, du har bestået captchaen!","captcha.enter":"Du har 30 sekunder til at løse captchaen!","captcha.failed":"Captcha mislykkedes","activiti.failed":"Denne aktivitet er ikke tilgængelig eller virker ikke","activiti.embed.title":"Aktiviteten er blevet oprettet!","activiti.embed.description":"Nogle typer aktiviteter er dog muligvis ikke tilgængelige for din server, hvis boostniveauet ikke opfylder aktivitetskravene.","activiti.fields.label":"Aktivitetsnavn","activiti.fields.max-user":"Maksimalt antal brugere","help.title":"Hjælpebog","help.arguments":"[Valgfrit] / < påkrævet>","help.command-embed.title":"hjælp på kommandoen `{name}`.","help.command-embed.info":"Oplysninger","help.command-embed.category":"Category: `{category_emoji}{category_name}`\n","help.command-embed.aliases":"Aliases: {aliases}\n","help.command-embed.disable_command":"kan jeg slå den fra? **{value}**\n","help.command-embed.connection_disabled.0":"Nej","help.command-embed.connection_disabled.1":"Ja","help.command-embed.using_command":"Using: `{using}`\n","help.command-embed.example":"eksempel, der viser{nummer}","help.command-notfound.title":"kommando ikke fundet","help.command-notfound.description":"når vi søgte efter kommando, fandt vi det ikke, se på det igen i den generelle liste over kommandoer","help.command-invalid.title":"kommandoen er ugyldig","help.command-invalid.description":"sandsynligvis indtastede du navnet på holdet forkert, måske indeholder det nogle mærkelige tegn","errors.MissingPermissions":"Du har ikke nok rettigheder","errors.MissingRole":"Du har ikke en passende rolle til at udføre kommandoen","errors.MissingChannel":"Du kan ikke udføre denne kommando i denne kanal","errors.NotOwner":"Denne kommando er beregnet til bot-ejeren","errors.CommandNotFound":"Der er ingen sådan kommando","errors.CheckFailure":"Du opfylder ikke alle betingelserne","errors.BadArgument":"Ugyldigt argument indtastet","errors.DisabledCommand":"Denne kommando er deaktiveret på serveren","errors.MissingRequiredArgument":"Du har ikke indtastet et påkrævet argument","errors.InactiveEconomy":"Økonomisystemet er deaktiveret på serveren","errors.OnlyTeamError":"Denne kommando kan kun bruges af bot-teamet","errors.MemberNotFound":"Deltageren kunne ikke findes","errors.CommandOnCooldown.title":"Kommandoen er i venteposition","errors.CommandOnCooldown.description":"Prøv igen efter {delay}.","errors.DisabledEconomy":"Økonomisystemet er deaktiveret på serveren","music-selector.title":"Vælg det spor, du er interesseret i!","music-selector.placeholder":"Vælg et spor","ideas.globals.title":"Foreslog en idé","ideas.globals.ideas-disabled":"Modulet **idé** er deaktiveret på denne server","ideas.globals.embed-title":"Ny idé!","ideas.confirm-modal.reason-label":"Argument:","ideas.confirm-modal.embed.title":"Ny idé!","ideas.confirm-modal.embed.field":"Gammel idé!","ideas.confirm-modal.idea.content":"{mention} Din idé er godkendt!","ideas.confirm-modal.idea.embed.title":"Idéen er godkendt!","ideas.confirm-modal.idea.embed.field":"Essensen af ​​ideen:","ideas.confirm-modal.idea.embed.reason":"Bekræftelsesargument:","ideas.confirm-modal.approve":"Godkendt | {name}","ideas.confirm-modal.title":"Idéen er godkendt!","ideas.confirm-modal.content":"{mention} Din idé er godkendt!","ideas.confirm-modal.essence":"Essensen af ​​ideen:","ideas.confirm-modal.reason":"Bekræftelsesargument:","ideas.confirm-view.button.approve":"Godkende","ideas.confirm-view.button.deny":"Nægte","ideas.confirm-view.old-idea":"En forældet idé!","ideas.confirm-view.idea":"Ide:","ideas.confirm-view.refused":"Afvist | {name}","ideas.confirm-view.idea-content":"{mention} Din idé er blevet afvist!","ideas.confirm-view.title":"Ideen er afvist!","ideas.idea-modal.label":"Fortæl os om din idé","ideas.idea-modal.placeholder":"Beskriv din idé så detaljeret som muligt med brugseksempler.","ideas.idea-modal.embed-description":"Om ideen bliver godkendt eller ej afhænger af dig!","ideas.idea-modal.idea":"Ide:","ideas.idea-modal.thread-name":"Diskussion af ideen fra {name}","ideas.idea-view.timeout-message":"Du kan kun foreslå en idé én gang hvert 30. minut\nNæste mulighed for at indsende en idé vil være gennem: <t:{time}:R>","settings.start.title":"Konfiguration af bot-modulerne.","settings.start.choose":"Vælg indstillinger...","settings.start.description":"Interager med rullemenuen for at konfigurere serveren.","settings.start.request":"Anmodning fra {name}","settings.module-name.economy":"Økonomi","settings.module-name.languages":"Sprog","settings.module-name.prefix":"Præfiks","settings.module-name.music":"musik","settings.module-name.color":"Farve på systemmeddelelser","settings.module-name.reactions":"Auto reaktioner","settings.module-name.thread":"Automatisk besked i en tråd/indlæg","settings.module-name.command-permission":"Kommandoindstillinger","settings.module-name.ideas":"Ideer","settings.module-name.welcomer":"Velkommen til nye medlemmer","settings.module-name.auto-roles":"Automatiske roller","settings.module-name.role-reactions":"Reaktionsroller","settings.button.back":"Tilbage","settings.button.edit":"Redigere","settings.button.reset":"Nulstil","settings.button.add":"Tilføje","settings.prefix.title":"Præfiks","settings.prefix.description":"Indstilling af det præfiks, som botten vil reagere på, når kommandoen kaldes.","settings.prefix.current":"Det nuværende præfiks er {prefix}","settings.languages.title":"Sprog","settings.languages.description":"Denne indstilling ændrer sproget for at arbejde med botten.","settings.languages.choose":"Vælg sprog for serveren:","settings.color.not-valid":"Hexkodeformatet er forkert","settings.color.title":"Farve på systemmeddelelser","settings.color.description":"Når du bruger kommandoer, viser botten indsæt, der har en usynlig farve som standard.\n\nDu kan indstille din farve i henhold til temaet for dit fællesskab.","settings.color.current":"Nuværende farve","settings.auto-role.button.install":"Installer roller","settings.auto-role.button.delete":"Slet roller","settings.auto-role.placeholder":"Vælg automatisk tildelte roller til nye medlemmer","settings.auto-role.embed.title":"Automatiske roller","settings.auto-role.embed.description":"Kontrolpanelet for automatiske roller.\nDu kan installere, redigere, slette og se sådanne handlinger fra panelet.\nHvis du ikke kan se autorollerne, så er de ikke valgt!","settings.auto-role.embed.field":"Udvalgte roller:","settings.welcomer.button.delete":"Slet besked","settings.welcomer.button.view":"Se besked","settings.welcomer.button.install":"Installationsmeddelelse","settings.welcomer.embed.title":"Besked hilsen","settings.welcomer.embed.description":"Automatisk afsendelse af beskeder, når en deltager logger på serveren\n\nHvis du vil ændre kanalen, skal du blot vælge den igen og indstille beskeden\n\nFor at ændre en besked skal du vælge den aktuelle kanal og indstille en ny besked til den","settings.welcomer.embed.field.selected":"Valgt hilsen kanal: {channel}","settings.welcomer.embed.field.failure":"Ikke alle data er indsamlet endnu.","settings.welcomer.dropdown-placeholder":"Vælg velkomstkanalen","settings.welcomer.modal.title":"Besked hilsen","settings.welcomer.modal.label":"Besked","settings.welcomer.modal.placeholder":"Du kan også bruge embed builder","settings.thread.init.title":"Automatiske beskeder i fora/tråde","settings.thread.init.brief":"Auto-beskeder","settings.thread.init.description":"Tilføj eller rediger dine automatiske indlæg i fora/tråde","settings.thread.init.placeholder":"Indstillinger for automatisk besked i filialer/fora:","settings.thread.init.channel":"Kanal: {channel}","settings.thread.addptional.button.install_mes":"Installationsmeddelelse","settings.thread.addptional.button.install-mes":"Installationsmeddelelse","settings.thread.addptional.channel-error":"Automatiske beskeder er allerede blevet installeret på denne kanal","settings.thread.addptional.placeholder":"Vælg en kanal til automatiske beskeder","settings.thread.thread.mes-not-found":"Ingen besked fundet","settings.thread.thread.button.view":"Se beskeden","settings.thread.thread.button.edit":"Rediger en besked","settings.thread.thread.button.delete":"Slet en besked","settings.thread.modal.label":"Besked:","settings.thread.modal.title":"Auto-beskeder","settings.thread.modal.placeholder":"Du kan også bruge embed-builder","settings.reactions.init.title":"Automatiske reaktioner","settings.reactions.init.brief":"Autoreaktioner","settings.reactions.init.description":"Styring af automatisk tilføjelse af reaktioner i kanaler","settings.reactions.init.emoji":"Emoji","settings.reactions.init.channel":"Kanal","settings.reactions.init.placeholder":"Indstillinger for autoreaktion:","settings.reactions.addres.channel-error":"Autoreaktioner er allerede blevet installeret på denne kanal","settings.reactions.addres.install_emoji":"Installer emoji","settings.reactions.addres.placeholder":"Vælg en kanal til autoreaktioner","settings.reactions.buttons.delete":"Slet reaktion","settings.reactions.buttons.edit":"Rediger reaktion","settings.reactions.modal.title":"Autoreaktion","settings.reactions.modal.label":"Emoji:","settings.reactions.button.delete":"Slet reaktion","settings.reactions.button.edit":"Rediger reaktion","settings.music.title":"musik","settings.music.max-queue-size.name":"Maksimal størrelse","settings.music.max-queue-size.description":"Maksimal sporkøstelængde.","settings.music.max-queue-size.value":"Maksimal køstørrelse: {size}","settings.music.default-volume.name":"Standardvolumen","settings.music.default-volume.description":"Standardmusikvolumen.","settings.music.default-volume.value":"Standardvolumenmusik: {volume}","settings.music.dj-roles.failed":"Rollen {role} kan ikke tildeles og bruges til integration eller af en bot.","settings.music.dj-roles.name":"DJ-roller","settings.music.dj-roles.description":"Roller, der kan kontrollere musik.","settings.music.dj-roles.value":"DJ-roller: {roles}","delcat.issue.title":"Er du sikker?","delcat.issue.description":"Dette vil permanent slette kategorien {category} og hver kanal inde i den.","delcat.accept.title":"#{category} kategori slettet","delcat.accept.description":"Og også eksternt {count} kanaler, der var i kategorien","delcat.cancel.title":"Kategori -deletion annulleret"}