{"bot-info.title":"{name} das ist ein multifunktionaler Bot","bot-info.description":"Der Bot soll die Serververwaltung erleichtern und ist mit verschiedenen Automatisierungstools ausgestattet","bot-info.info-server":"Informationen zum Server","bot-info.prefix-server":"> Serverpräfix – `{prefix}`.","translate.placeholder":"Wählt die passende Sprache:","translate.failed":"Diese Nachricht hat keinen Inhalt, daher können wir sie nicht übersetzen.","captcha.congratulation":"Herzlichen Glückwunsch, Sie haben das Captcha bestanden!","captcha.enter":"Sie haben 30 Sekunden Zeit, um das Captcha zu lösen!","captcha.failed":"CAPTCHA gescheitert","activiti.failed":"Diese Aktivität ist nicht verfügbar oder funktioniert nicht","activiti.embed.title":"Die Aktivität wurde erfolgreich erstellt!","activiti.embed.description":"Allerdings sind einige Arten von Aktivitäten möglicherweise nicht für Ihren Server verfügbar, wenn die Boost-Stufe nicht den Aktivitätsanforderungen entspricht.","activiti.fields.label":"Aktivitätsname","activiti.fields.max-user":"Maximale Anzahl Benutzer","help.title":"Hilfebuch","help.arguments":"[Optional] | <Erforderlich>","help.command-embed.title":"Hilfe zum Befehl `{name}`.","help.command-embed.info":"Information","help.command-embed.category":"Kategorie: `{category_emoji}{category_name}`.\n","help.command-embed.aliases":"Aliase: {aliases}\n","help.command-embed.disable_command":"Kann ich es ausschalten? **{value}**\n","help.command-embed.connection_disabled.0":"Nein","help.command-embed.connection_disabled.1":"Ja","help.command-embed.using_command":"Verwendung: `{using}`.\n","help.command-embed.example":"Beispiel №{number}","help.command-notfound.title":"Befehl nicht gefunden","help.command-notfound.description":"Bei der Suche nach dem Befehl haben wir ihn nicht gefunden. Schauen Sie ihn sich noch einmal in der allgemeinen Befehlsliste an","help.command-invalid.title":"Der Befehl ist ungültig","help.command-invalid.description":"Höchstwahrscheinlich haben Sie den Namen des Teams falsch eingegeben, möglicherweise enthält er einige seltsame Zeichen","errors.MissingPermissions":"Sie haben nicht genügend Rechte","errors.MissingRole":"Sie haben keine geeignete Rolle, um den Befehl auszuführen","errors.MissingChannel":"Sie können diesen Befehl in diesem Kanal nicht ausführen","errors.NotOwner":"Dieser Befehl ist für den Bot-Besitzer gedacht","errors.CommandNotFound":"Einen solchen Befehl gibt es nicht","errors.CheckFailure":"Sie erfüllen nicht alle Bedingungen","errors.BadArgument":"Ungültiges Argument eingegeben","errors.DisabledCommand":"Dieser Befehl ist auf dem Server deaktiviert","errors.MissingRequiredArgument":"Sie haben kein erforderliches Argument eingegeben","errors.InactiveEconomy":"Das Sparsystem ist auf dem Server deaktiviert","errors.OnlyTeamError":"Dieser Befehl kann nur vom Bot-Team verwendet werden","errors.MemberNotFound":"Der Teilnehmer konnte nicht gefunden werden","errors.CommandOnCooldown.title":"Der Befehl liegt in der Warteschleife","errors.CommandOnCooldown.description":"Versuchen Sie es nach {delay} erneut.","errors.DisabledEconomy":"Das Sparsystem ist auf dem Server deaktiviert","music-selector.title":"Wählen Sie den Titel, der Sie interessiert!","music-selector.placeholder":"Wählen Sie einen Titel aus","ideas.globals.title":"Habe eine Idee vorgeschlagen","ideas.globals.ideas-disabled":"Das **idea**-Modul ist auf diesem Server deaktiviert","ideas.globals.embed-title":"Neue Idee!","ideas.confirm-modal.reason-label":"Streit:","ideas.confirm-modal.embed.title":"Neue Idee!","ideas.confirm-modal.embed.field":"Alte Idee!","ideas.confirm-modal.idea.content":"{mention} Ihre Idee ist genehmigt!","ideas.confirm-modal.idea.embed.title":"Die Idee wird angenommen!","ideas.confirm-modal.idea.embed.field":"Der Kern der Idee:","ideas.confirm-modal.idea.embed.reason":"Bestätigungsargument:","ideas.confirm-modal.approve":"Genehmigt | {name}","ideas.confirm-modal.title":"Die Idee wird angenommen!","ideas.confirm-modal.content":"{mention} Ihre Idee wurde genehmigt!","ideas.confirm-modal.essence":"Der Kern der Idee:","ideas.confirm-modal.reason":"Bestätigungsargument:","ideas.confirm-view.button.approve":"Genehmigen","ideas.confirm-view.button.deny":"Leugnen","ideas.confirm-view.old-idea":"Eine veraltete Idee!","ideas.confirm-view.idea":"Idee:","ideas.confirm-view.refused":"Abgelehnt | {name}","ideas.confirm-view.idea-content":"{mention} Ihre Idee wurde abgelehnt!","ideas.confirm-view.title":"Die Idee wird abgelehnt!","ideas.idea-modal.label":"Erzählen Sie uns von Ihrer Idee","ideas.idea-modal.placeholder":"Beschreiben Sie Ihre Idee möglichst detailliert anhand von Anwendungsbeispielen.","ideas.idea-modal.embed-description":"Ob die Idee angenommen wird oder nicht, hängt von Ihnen ab!","ideas.idea-modal.idea":"Idee:","ideas.idea-modal.thread-name":"Diskussion der Idee von {name}","ideas.idea-view.timeout-message":"Sie können nur alle 30 Minuten eine Idee vorschlagen\nDie nächste Möglichkeit, eine Idee einzureichen, besteht über: <t:{time}:R>","settings.start.title":"Konfigurieren der Bot-Module.","settings.start.choose":"Wählen Sie Einstellungen...","settings.start.description":"Interagieren Sie mit dem Auswahl-Dropdown-Menü, um den Server zu konfigurieren.","settings.start.request":"Anfrage von {name}","settings.module-name.economy":"Wirtschaft","settings.module-name.languages":"Sprachen","settings.module-name.prefix":"Präfix","settings.module-name.music":"Musik","settings.module-name.color":"Farbe der Systemmeldungen","settings.module-name.reactions":"Automatische Reaktionen","settings.module-name.thread":"Automatische Nachricht in einem Thread/Beitrag","settings.module-name.command-permission":"Befehlseinstellungen","settings.module-name.ideas":"Ideen","settings.module-name.welcomer":"Willkommen neue Mitglieder","settings.module-name.auto-roles":"Automatische Rollen","settings.module-name.role-reactions":"Reaktionsrollen","settings.button.back":"Zurück","settings.button.edit":"Bearbeiten","settings.button.reset":"Zurücksetzen","settings.button.add":"Hinzufügen","settings.prefix.title":"Präfix","settings.prefix.description":"Festlegen des Präfixes, auf das der Bot beim Aufrufen des Befehls antwortet.","settings.prefix.current":"Das aktuelle Präfix ist {prefix}","settings.languages.title":"Sprachen","settings.languages.description":"Diese Einstellung ändert die Sprache für die Arbeit mit dem Bot.","settings.languages.choose":"Wählen Sie die Sprache für den Server aus:","settings.color.not-valid":"Das Hex-Code-Format ist falsch","settings.color.title":"Farbe der Systemmeldungen","settings.color.description":"Wenn Sie Befehle verwenden, zeigt der Bot standardmäßig Einfügungen mit einer unsichtbaren Farbe an.\n\nSie können Ihre Farbe entsprechend dem Thema Ihrer Community festlegen.","settings.color.current":"Aktuelle Farbe","settings.auto-role.button.install":"Rollen installieren","settings.auto-role.button.delete":"Rollen löschen","settings.auto-role.placeholder":"Wählen Sie automatisch zugewiesene Rollen für neue Mitglieder aus","settings.auto-role.embed.title":"Automatische Rollen","settings.auto-role.embed.description":"Das Bedienfeld für automatische Rollen.\nSie können solche Aktionen über das Bedienfeld installieren, bearbeiten, löschen und anzeigen.\nWenn Sie die automatischen Rollen nicht sehen, sind sie nicht ausgewählt!","settings.auto-role.embed.field":"Ausgewählte Rollen:","settings.welcomer.button.delete":"Nachricht löschen","settings.welcomer.button.view":"Nachricht ansehen","settings.welcomer.button.install":"Nachricht installieren","settings.welcomer.embed.title":"Begrüßung per Nachricht","settings.welcomer.embed.description":"Automatischer Versand von Nachrichten, wenn sich ein Teilnehmer am Server anmeldet\n\nWenn Sie den Kanal wechseln möchten, wählen Sie ihn einfach erneut aus und stellen Sie die Nachricht ein\n\nUm eine Nachricht zu ändern, wählen Sie den aktuellen Kanal aus und legen Sie eine neue Nachricht dafür fest","settings.welcomer.embed.field.selected":"Ausgewählter Begrüßungskanal: {channel}","settings.welcomer.embed.field.failure":"Es wurden noch nicht alle Daten gesammelt.","settings.welcomer.dropdown-placeholder":"Wählen Sie den Willkommenskanal aus","settings.welcomer.modal.title":"Begrüßung per Nachricht","settings.welcomer.modal.label":"Nachricht","settings.welcomer.modal.placeholder":"Sie können auch den Embed Builder verwenden","settings.thread.init.title":"Automatische Nachrichten in Foren/Threads","settings.thread.init.brief":"Automatische Nachrichten","settings.thread.init.description":"Fügen Sie Ihre automatischen Beiträge in Foren/Threads hinzu oder ändern Sie sie","settings.thread.init.placeholder":"Einstellungen für automatische Nachrichten in Zweigen/Foren:","settings.thread.init.channel":"Kanal: {channel}","settings.thread.addptional.button.install_mes":"Nachricht installieren","settings.thread.addptional.button.install-mes":"Nachricht installieren","settings.thread.addptional.channel-error":"Auf diesem Kanal wurden bereits automatische Nachrichten installiert","settings.thread.addptional.placeholder":"Wählen Sie einen Kanal für automatische Nachrichten aus","settings.thread.thread.mes-not-found":"Keine Nachricht gefunden","settings.thread.thread.button.view":"Sehen Sie sich die Nachricht an","settings.thread.thread.button.edit":"Bearbeiten Sie eine Nachricht","settings.thread.thread.button.delete":"Eine Nachricht löschen","settings.thread.modal.label":"Nachricht:","settings.thread.modal.title":"Automatische Nachrichten","settings.thread.modal.placeholder":"Sie können auch den Embed-Builder verwenden","settings.reactions.init.title":"Automatische Reaktionen","settings.reactions.init.brief":"Autoreaktionen","settings.reactions.init.description":"Steuerung der automatischen Zugabe von Reaktionen in Kanälen","settings.reactions.init.emoji":"Emoji","settings.reactions.init.channel":"Kanal","settings.reactions.init.placeholder":"Autoreaktionseinstellungen:","settings.reactions.addres.channel-error":"Auf diesem Kanal sind bereits Autoreaktionen installiert","settings.reactions.addres.install_emoji":"Emoji installieren","settings.reactions.addres.placeholder":"Wählen Sie einen Kanal für Autoreaktionen aus","settings.reactions.buttons.delete":"Reaktion löschen","settings.reactions.buttons.edit":"Reaktion bearbeiten","settings.reactions.modal.title":"Autoreaktion","settings.reactions.modal.label":"Emoji:","settings.reactions.button.delete":"Reaktion löschen","settings.reactions.button.edit":"Reaktion bearbeiten","settings.music.title":"Musik","settings.music.max-queue-size.name":"maximale Größe","settings.music.max-queue-size.description":"Maximale Länge der Spurwarteschlange.","settings.music.max-queue-size.value":"Maximale Warteschlangengröße: {size}","settings.music.default-volume.name":"Standardlautstärke","settings.music.default-volume.description":"Die Standard -Musikvolumen.","settings.music.default-volume.value":"Standardvolumenmusik: {volume}","settings.music.dj-roles.failed":"Die Rolle {role} kann nicht zugewiesen werden und wird zur Integration oder von einem Bot verwendet.","settings.music.dj-roles.name":"DJ-Rollen","settings.music.dj-roles.description":"Rollen, die Musik steuern können.","settings.music.dj-roles.value":"DJ-Rollen: {roles}","delcat.issue.title":"Bist du sicher?","delcat.issue.description":"Dadurch wird die Kategorie {category} und jeden Kanal darin dauerhaft gelöscht.","delcat.accept.title":"#{category} Kategorie gelöscht","delcat.accept.description":"Und auch remote {count} -Kanäle, die in der Kategorie waren","delcat.cancel.title":"Kategorie Deletion Storniert"}