{"bot-info.title":"{name} this is a multifunctional bot","bot-info.description":"The bot is designed to facilitate server management and is equipped with various automation tool\nServer prefix: `{prefix}`","bot-info.assembly":"Version: `{version}`\nHash: `{hash}`\nBuild Date: <t:{time}:D> (<t:{time}:R>)","translate.placeholder":"Will choose the appropriate language:","translate.failed":"This message has no content, so we will not be able to translate it.","captcha.congratulation":"Congratulations you have passed the captcha!","captcha.enter":"You have 30 seconds to solve the captcha!","captcha.failed":"Captcha failed","activiti.failed":"This activity is unavailable or does not work","activiti.embed.title":"**The activity has been successfully created!**","activiti.embed.description":"However, some types of activities may not be available for your server if the boost level does not meet the activity requirements.","activiti.fields.label":"Activity name","activiti.fields.max-user":"Maximum number of users","help.title":"Help Book","help.arguments":"[Optional] | <Required>","help.command-embed.title":"Help on the `{name}` command.","help.command-embed.info":"Information","help.command-embed.category":"Category: `{category_emoji}{category_name}`\n","help.command-embed.aliases":"Aliases: {aliases}\n","help.command-embed.disable_command":"Can I turn it off? **{value}**\n","help.command-embed.connection_disabled.0":"Nope","help.command-embed.connection_disabled.1":"Yeah","help.command-embed.using_command":"Using: `{using}`\n","help.command-embed.example":"Example №{number}","help.command-notfound.title":"Command Not Found","help.command-notfound.description":"When searching for command, we did not find it, look at it again in the general list of commands","help.command-invalid.title":"The command is invalid","help.command-invalid.description":"Most likely you entered the name of the team incorrectly, perhaps it contains some strange characters","errors.MissingPermissions":"You don't have enough rights","errors.MissingRole":"You don't have a suitable role to execute the command","errors.MissingChannel":"You cannot execute this command in this channel","errors.NotOwner":"This command is intended for the bot owner","errors.CommandNotFound":"There is no such command","errors.CheckFailure":"You don't fulfill all the conditions","errors.BadArgument":"Invalid argument entered","errors.DisabledCommand":"This command is disabled on the server","errors.MissingRequiredArgument":"You didn't enter a required argument","errors.InactiveEconomy":"The economy system is disabled on the server","errors.OnlyTeamError":"This command can only be used by the bot team","errors.MemberNotFound":"The participant could not be found","errors.CommandOnCooldown.title":"The command is on hold","errors.CommandOnCooldown.description":"Try again after {delay}.","errors.DisabledEconomy":"The economy system is disabled on the server","music-selector.title":"Choose the track you are interested in!","music-selector.placeholder":"Select a track","ideas.globals.title":"Suggested an idea","ideas.globals.ideas-disabled":"The **idea** module is disabled on this server","ideas.globals.embed-title":"New idea!","ideas.confirm-modal.approve":"Approved | {name}","ideas.confirm-modal.title":"The idea is approved!","ideas.confirm-modal.content":"{mention} Your idea is approved!","ideas.confirm-modal.essence":"The essence of the idea:","ideas.confirm-modal.reason":"Confirmation argument:","ideas.confirm-view.button.approve":"Approve","ideas.confirm-view.button.deny":"Deny","ideas.confirm-view.idea":"Idea:","ideas.confirm-view.refused":"Refused | {name}","ideas.confirm-view.idea-content":"{mention} Your idea has been rejected!","ideas.confirm-view.title":"The idea is refused!","ideas.idea-modal.label":"Tell us about your idea","ideas.idea-modal.placeholder":"Describe your idea in as much detail as possible with usage examples.","ideas.idea-modal.embed-description":"Whether the idea is approved or not depends on you!","ideas.idea-modal.idea":"Idea:","ideas.idea-modal.thread-name":"Discussion of the idea from {name}","ideas.idea-view.timeout-message":"You can only propose an idea once every 30 minutes\nThe next opportunity to submit an idea will be through: <t:{time}:R>","delcat.issue.title":"Are you sure?","delcat.issue.description":"This will permanently delete the {category} category and every channel inside of it.","delcat.accept.title":"#{category} Category Deleted","delcat.accept.description":"And also remotely {count} channels that were in the category","delcat.cancel.title":"Category Deletion Canceled","settings.start.title":"Configuring the bot modules.","settings.start.choose":"Choose settings...","settings.start.description":"Interact with the selection drop-down menu to configure the server.","settings.start.request":"Request from {name}","settings.module-name.economy":"Economy","settings.module-name.languages":"Languages","settings.module-name.prefix":"Prefix","settings.module-name.music":"Music","settings.module-name.color":"Color of system messages","settings.module-name.reactions":"Auto Reactions","settings.module-name.thread":"Auto message in a thread/post","settings.module-name.command-permission":"Command Settings","settings.module-name.ideas":"Ideas","settings.module-name.welcomer":"Welcome new members","settings.module-name.auto-roles":"Automatic roles","settings.module-name.role-reactions":"Reaction Roles","settings.module-name.logs":"Changelog","settings.button.back":"Back","settings.button.edit":"Edit","settings.button.reset":"Reset","settings.button.add":"Add","settings.prefix.title":"Prefix","settings.prefix.description":"Setting the prefix to which the bot will respond when calling the command.","settings.prefix.current":"The current prefix is `{prefix}`","settings.languages.title":"Languages","settings.languages.description":"This setting changes the language for working with the bot.","settings.languages.choose":"Select the language for the server:","settings.color.not-valid":"The hex code format is incorrect","settings.color.title":"Color of system messages","settings.color.description":"When you use commands, the bot displays inserts that have an invisible color by default.\n\nYou can set your color according to the theme of your community.","settings.color.current":"Current color: `{hex_color}`","settings.auto-role.button.install":"Install roles","settings.auto-role.button.delete":"Delete roles","settings.auto-role.placeholder":"Select automatically assigned roles for new members","settings.auto-role.embed.title":"Automatic roles","settings.auto-role.embed.description":"The control panel for automatic roles.\nYou can install, edit, delete, and view such actions from the panel.\nIf you do not see the auto roles, then they are not selected!","settings.auto-role.embed.field":"Selected roles:","settings.welcomer.button.delete":"Delete message","settings.welcomer.button.view":"View message","settings.welcomer.button.install":"Install message","settings.welcomer.embed.title":"Message greeting","settings.welcomer.embed.description":"Automatic sending of messages when a participant logs on to the server\n\nIf you want to change the channel, just select it again and set the message\n\nTo change a message, select the current channel and set a new message for it","settings.welcomer.embed.field.selected":"Selected greeting channel: {channel}","settings.welcomer.embed.field.failure":"Not all the data has been collected yet.","settings.welcomer.dropdown-placeholder":"Select the welcome channel","settings.welcomer.modal.title":"Message greeting","settings.welcomer.modal.label":"Message","settings.welcomer.modal.placeholder":"You can also use embed builder","settings.thread.init.title":"Automatic messages in forums/threads","settings.thread.init.brief":"Auto-messages","settings.thread.init.description":"Add or change your automatic posts in forums/threads","settings.thread.init.placeholder":"Auto-message settings in branches/forums:","settings.thread.init.channel":"Channel: {channel}","settings.thread.addptional.button.install-mes":"Install message","settings.thread.addptional.channel-error":"Auto-messages have already been installed on this channel","settings.thread.addptional.placeholder":"Select a channel for auto-messages","settings.thread.thread.mes-not-found":"No message found","settings.thread.thread.button.view":"View the message","settings.thread.thread.button.edit":"Edit a message","settings.thread.thread.button.delete":"Delete a message","settings.thread.modal.label":"Message:","settings.thread.modal.title":"Auto-messages","settings.thread.modal.placeholder":"You can also use embed-builder","settings.reactions.init.title":"Automatic reactions","settings.reactions.init.brief":"Auto-reactions","settings.reactions.init.description":"Control of automatic addition of reactions in channels","settings.reactions.init.placeholder":"Auto-reaction settings:","settings.reactions.init.dddesc":"Channel: {channel}\nEmoji: {emojis}","settings.reactions.addres.channel-error":"Auto-reactions have already been installed on this channel","settings.reactions.addres.placeholder":"Select a channel for auto-reactions","settings.reactions.addres.install-emoji":"Install emoji","settings.reactions.modal.title":"Auto-reaction","settings.reactions.modal.label":"Emoji:","settings.reactions.button.delete":"Delete reaction","settings.reactions.button.edit":"Edit reaction","settings.music.title":"Music","settings.music.max-queue-size.name":"Max size","settings.music.max-queue-size.description":"Maximum track queue lenght.","settings.music.max-queue-size.value":"Maximum queue size: {size}\n","settings.music.default-volume.name":"Default volume","settings.music.default-volume.description":"The default music volume.","settings.music.default-volume.value":"Default volume music: {volume}\n","settings.music.dj-roles.failed":"The {role} role cannot be assigned and is used for integration or by a bot.","settings.music.dj-roles.name":"Dj-roles","settings.music.dj-roles.description":"Roles that can control music.","settings.music.dj-roles.value":"Dj-roles: {roles}"}