{"bot-info.title":"{name} este es un bot multifuncional","bot-info.description":"El bot está diseñado para facilitar la gestión del servidor y está equipado con varias herramientas de automatización.","bot-info.info-server":"Información sobre el servidor","bot-info.prefix-server":"> Prefijo del servidor - `{prefix}`","translate.placeholder":"Elegirá el idioma apropiado:","translate.failed":"Este mensaje no tiene contenido, por lo que no podremos traducirlo.","captcha.congratulation":"¡Felicitaciones, has pasado el captcha!","captcha.enter":"¡Tienes 30 segundos para resolver el captcha!","captcha.failed":"Código de imagen erroneo","activiti.failed":"Esta actividad no está disponible o no funciona","activiti.embed.title":"¡La actividad ha sido creada exitosamente!","activiti.embed.description":"Sin embargo, es posible que algunos tipos de actividades no estén disponibles para su servidor si el nivel de impulso no cumple con los requisitos de actividad.","activiti.fields.label":"Nombre de la actividad","activiti.fields.max-user":"Número máximo de usuarios","help.title":"Libro de ayuda","help.arguments":"[Opcional] | <Obligatorio>","help.command-embed.title":"Ayuda sobre el comando `{name}`.","help.command-embed.info":"Información","help.command-embed.category":"Categoría: `{category_emoji}{category_name}`\n","help.command-embed.aliases":"Alias: {aliases}\n","help.command-embed.disable_command":"¿Puedo apagarlo? **{value}**\n","help.command-embed.connection_disabled.0":"No","help.command-embed.connection_disabled.1":"Sí","help.command-embed.using_command":"Usando: `{using}`\n","help.command-embed.example":"Ejemplo №{number}","help.command-notfound.title":"Comando no encontrado","help.command-notfound.description":"Al buscar comando no lo encontramos, búsquelo nuevamente en la lista general de comandos","help.command-invalid.title":"El comando no es válido","help.command-invalid.description":"Lo más probable es que hayas ingresado mal el nombre del equipo, quizás contenga algunos caracteres extraños.","errors.MissingPermissions":"No tienes suficientes derechos","errors.MissingRole":"No tienes un rol adecuado para ejecutar el comando.","errors.MissingChannel":"No puedes ejecutar este comando en este canal.","errors.NotOwner":"Este comando está destinado al propietario del bot.","errors.CommandNotFound":"No existe tal comando","errors.CheckFailure":"No cumples todas las condiciones","errors.BadArgument":"Argumento no válido ingresado","errors.DisabledCommand":"Este comando está deshabilitado en el servidor.","errors.MissingRequiredArgument":"No ingresaste un argumento requerido","errors.InactiveEconomy":"El sistema económico está deshabilitado en el servidor.","errors.OnlyTeamError":"Este comando solo puede ser utilizado por el equipo bot.","errors.MemberNotFound":"No se pudo encontrar al participante.","errors.CommandOnCooldown.title":"El comando está en espera","errors.CommandOnCooldown.description":"Inténtalo de nuevo después de {delay}.","errors.DisabledEconomy":"El sistema económico está deshabilitado en el servidor.","music-selector.title":"¡Elige la pista que te interesa!","music-selector.placeholder":"Selecciona una pista","ideas.globals.title":"sugirió una idea","ideas.globals.ideas-disabled":"El módulo **idea** está deshabilitado en este servidor","ideas.globals.embed-title":"¡Idea Nueva!","ideas.confirm-modal.reason-label":"Argumento:","ideas.confirm-modal.embed.title":"¡Idea Nueva!","ideas.confirm-modal.embed.field":"¡Vieja idea!","ideas.confirm-modal.idea.content":"{mention} ¡Tu idea está aprobada!","ideas.confirm-modal.idea.embed.title":"¡La idea está aprobada!","ideas.confirm-modal.idea.embed.field":"La esencia de la idea:","ideas.confirm-modal.idea.embed.reason":"Argumento de confirmación:","ideas.confirm-modal.approve":"Aprobado | {name}","ideas.confirm-modal.title":"¡La idea está aprobada!","ideas.confirm-modal.content":"{mention} ¡Tu idea está aprobada!","ideas.confirm-modal.essence":"La esencia de la idea:","ideas.confirm-modal.reason":"Argumento de confirmación:","ideas.confirm-view.button.approve":"Aprobar","ideas.confirm-view.button.deny":"Denegar","ideas.confirm-view.old-idea":"¡Una idea obsoleta!","ideas.confirm-view.idea":"Idea:","ideas.confirm-view.refused":"Rechazado | {name}","ideas.confirm-view.idea-content":"{mention} ¡Tu idea ha sido rechazada!","ideas.confirm-view.title":"¡La idea es rechazada!","ideas.idea-modal.label":"Cuéntanos tu idea","ideas.idea-modal.placeholder":"Describe tu idea con el mayor detalle posible con ejemplos de uso.","ideas.idea-modal.embed-description":"¡Que la idea sea aprobada o no depende de ti!","ideas.idea-modal.idea":"Idea:","ideas.idea-modal.thread-name":"Discusión de la idea de {nombre}","ideas.idea-view.timeout-message":"Sólo puedes proponer una idea una vez cada 30 minutos.\nLa próxima oportunidad para enviar una idea será a través de: <t:{time}:R>","settings.start.title":"Configurando los módulos del bot.","settings.start.choose":"Elige la configuración...","settings.start.description":"Interactúe con el menú desplegable de selección para configurar el servidor.","settings.start.request":"Solicitud de {name}","settings.module-name.economy":"Economía","settings.module-name.languages":"Idiomas","settings.module-name.prefix":"Prefijo","settings.module-name.music":"Música","settings.module-name.color":"Color de los mensajes del sistema.","settings.module-name.reactions":"Reacciones automáticas","settings.module-name.thread":"Mensaje automático en un hilo/publicación","settings.module-name.command-permission":"Configuración de comando","settings.module-name.ideas":"Ideas","settings.module-name.welcomer":"Bienvenidos nuevos miembros","settings.module-name.auto-roles":"Roles automáticos","settings.module-name.role-reactions":"Roles de reacción","settings.button.back":"Atrás","settings.button.edit":"Editar","settings.button.reset":"Reiniciar","settings.button.add":"Agregar","settings.prefix.title":"Prefijo","settings.prefix.description":"Establecer el prefijo al que responderá el bot al llamar al comando.","settings.prefix.current":"El prefijo actual es {prefix}","settings.languages.title":"Idiomas","settings.languages.description":"Esta configuración cambia el idioma para trabajar con el bot.","settings.languages.choose":"Seleccione el idioma del servidor:","settings.color.not-valid":"El formato del código hexadecimal es incorrecto.","settings.color.title":"Color de los mensajes del sistema.","settings.color.description":"Cuando usas comandos, el bot muestra inserciones que tienen un color invisible de forma predeterminada.\n\nPuedes configurar tu color según el tema de tu comunidad.","settings.color.current":"Color actual","settings.auto-role.button.install":"Instalar roles","settings.auto-role.button.delete":"Eliminar roles","settings.auto-role.placeholder":"Seleccionar roles asignados automáticamente para nuevos miembros","settings.auto-role.embed.title":"Roles automáticos","settings.auto-role.embed.description":"El panel de control para roles automáticos.\nPuede instalar, editar, eliminar y ver dichas acciones desde el panel.\nSi no ve los roles automáticos, ¡no están seleccionados!","settings.auto-role.embed.field":"Roles seleccionados:","settings.welcomer.button.delete":"Borrar mensaje","settings.welcomer.button.view":"Ver mensaje","settings.welcomer.button.install":"Instalar mensaje","settings.welcomer.embed.title":"mensaje de saludo","settings.welcomer.embed.description":"Envío automático de mensajes cuando un participante inicia sesión en el servidor\n\nSi desea cambiar el canal, simplemente selecciónelo nuevamente y configure el mensaje\n\nPara cambiar un mensaje, seleccione el canal actual y establezca un nuevo mensaje para él","settings.welcomer.embed.field.selected":"Canal de saludo seleccionado: {channel}","settings.welcomer.embed.field.failure":"Aún no se han recopilado todos los datos.","settings.welcomer.dropdown-placeholder":"Selecciona el canal de bienvenida","settings.welcomer.modal.title":"mensaje de saludo","settings.welcomer.modal.label":"Mensaje","settings.welcomer.modal.placeholder":"También puedes usar el generador de incrustaciones.","settings.thread.init.title":"Mensajes automáticos en foros/hilos","settings.thread.init.brief":"Mensajes automáticos","settings.thread.init.description":"Agregue o cambie sus publicaciones automáticas en foros/hilos","settings.thread.init.placeholder":"Configuración de mensajes automáticos en sucursales/foros:","settings.thread.init.channel":"Canal: {channel}","settings.thread.addptional.button.install_mes":"Instalar mensaje","settings.thread.addptional.button.install-mes":"Instalar mensaje","settings.thread.addptional.channel-error":"Los mensajes automáticos ya se han instalado en este canal.","settings.thread.addptional.placeholder":"Seleccione un canal para mensajes automáticos","settings.thread.thread.mes-not-found":"No se encontró ningún mensaje","settings.thread.thread.button.view":"Ver el mensaje","settings.thread.thread.button.edit":"Editar un mensaje","settings.thread.thread.button.delete":"Eliminar un mensaje","settings.thread.modal.label":"Mensaje:","settings.thread.modal.title":"Mensajes automáticos","settings.thread.modal.placeholder":"También puedes usar el constructor de incrustaciones.","settings.reactions.init.title":"Reacciones automáticas","settings.reactions.init.brief":"Reacciones automáticas","settings.reactions.init.description":"Control de adición automática de reacciones en canales.","settings.reactions.init.emoji":"emojis","settings.reactions.init.channel":"Canal","settings.reactions.init.placeholder":"Configuración de reacción automática:","settings.reactions.addres.channel-error":"Las reacciones automáticas ya se han instalado en este canal.","settings.reactions.addres.install_emoji":"Instalar emojis","settings.reactions.addres.placeholder":"Seleccione un canal para reacciones automáticas","settings.reactions.buttons.delete":"Eliminar reacción","settings.reactions.buttons.edit":"Editar reacción","settings.reactions.modal.title":"Reacción automática","settings.reactions.modal.label":"emojis:","settings.reactions.button.delete":"Eliminar reacción","settings.reactions.button.edit":"Editar reacción","settings.music.title":"Música","settings.music.max-queue-size.name":"tamaño máximo","settings.music.max-queue-size.description":"Longitud máxima de la cola de pista.","settings.music.max-queue-size.value":"Tamaño máximo de la cola: {size}","settings.music.default-volume.name":"Volumen predeterminado","settings.music.default-volume.description":"El volumen de música predeterminado.","settings.music.default-volume.value":"Música de volumen predeterminada: {volume}","settings.music.dj-roles.failed":"El rol {role} no se puede asignar y se usa para la integración o por un bot.","settings.music.dj-roles.name":"Roles de DJ","settings.music.dj-roles.description":"Roles que pueden controlar la música.","settings.music.dj-roles.value":"DJ-Roles: {roles}","delcat.issue.title":"¿Está seguro?","delcat.issue.description":"Esto eliminará permanentemente la categoría {category} y cada canal dentro de ella.","delcat.accept.title":"#{category} Categoría eliminada","delcat.accept.description":"Y también de forma remota {count} canales que estaban en la categoría","delcat.cancel.title":"Eliminación de categoría cancelada"}