{"bot-info.title":"{name} c'est un bot multifonctionnel","bot-info.description":"Le bot est conçu pour faciliter la gestion du serveur et est équipé de divers outils d'automatisation","bot-info.info-server":"Informations sur le serveur","bot-info.prefix-server":"> Préfixe du serveur - `{prefix}`","translate.placeholder":"Choisira la langue appropriée:","translate.failed":"Ce message n'a pas de contenu, nous ne pourrons donc pas le traduire.","captcha.congratulation":"Félicitations, vous avez réussi le captcha !","captcha.enter":"Vous avez 30 secondes pour résoudre le captcha !","captcha.failed":"Echec du CAPTCHA","activiti.failed":"Cette activité n'est pas disponible ou ne fonctionne pas","activiti.embed.title":"L'activité a été créée avec succès !","activiti.embed.description":"Cependant, certains types d'activités peuvent ne pas être disponibles pour votre serveur si le niveau de boost ne répond pas aux exigences d'activité.","activiti.fields.label":"Nom de l'activité","activiti.fields.max-user":"Nombre maximum d'utilisateurs","help.title":"Livre d'aide","help.arguments":"[Facultatif] | <Obligatoire>","help.command-embed.title":"Aide sur la commande `{name}`.","help.command-embed.info":"Informations","help.command-embed.category":"Catégorie : `{category_emoji}{category_name}`\n","help.command-embed.aliases":"Alias : {alias}\n","help.command-embed.disable_command":"Puis-je l'éteindre ? **{value}**\n","help.command-embed.connection_disabled.0":"Non","help.command-embed.connection_disabled.1":"Ouais","help.command-embed.using_command":"Utilisation : `{using}`\n","help.command-embed.example":"Example №{number}","help.command-notfound.title":"Commande non trouvée","help.command-notfound.description":"Lors de la recherche d'une commande, nous ne l'avons pas trouvée, regardez-la à nouveau dans la liste générale des commandes","help.command-invalid.title":"La commande n'est pas valide","help.command-invalid.description":"Il est fort probable que vous ayez mal saisi le nom de l'équipe, il contient peut-être des caractères étranges.","errors.MissingPermissions":"Vous n'avez pas assez de droits","errors.MissingRole":"Vous n'avez pas de rôle approprié pour exécuter la commande","errors.MissingChannel":"Vous ne pouvez pas exécuter cette commande dans ce canal","errors.NotOwner":"Cette commande est destinée au propriétaire du bot","errors.CommandNotFound":"Il n'existe pas une telle commande","errors.CheckFailure":"Vous ne remplissez pas toutes les conditions","errors.BadArgument":"Argument entré non valide","errors.DisabledCommand":"Cette commande est désactivée sur le serveur","errors.MissingRequiredArgument":"Vous n'avez pas saisi un argument obligatoire","errors.InactiveEconomy":"Le système d'économie est désactivé sur le serveur","errors.OnlyTeamError":"Cette commande ne peut être utilisée que par l'équipe du bot","errors.MemberNotFound":"Le participant n'a pas pu être trouvé","errors.CommandOnCooldown.title":"La commande est en attente","errors.CommandOnCooldown.description":"Réessayez après {delay}.","errors.DisabledEconomy":"Le système d'économie est désactivé sur le serveur","music-selector.title":"Choisissez la piste qui vous intéresse !","music-selector.placeholder":"Sélectionnez une piste","ideas.globals.title":"A suggéré une idée","ideas.globals.ideas-disabled":"Le module **idea** est désactivé sur ce serveur","ideas.globals.embed-title":"Nouvelle idée!","ideas.confirm-modal.reason-label":"Argument:","ideas.confirm-modal.embed.title":"Nouvelle idée!","ideas.confirm-modal.embed.field":"Vieille idée !","ideas.confirm-modal.idea.content":"{mention} Votre idée est approuvée !","ideas.confirm-modal.idea.embed.title":"L'idée est approuvée !","ideas.confirm-modal.idea.embed.field":"L'essence de l'idée :","ideas.confirm-modal.idea.embed.reason":"Argument de confirmation :","ideas.confirm-modal.approve":"Approuvé | {name}","ideas.confirm-modal.title":"L'idée est approuvée !","ideas.confirm-modal.content":"{mention} Votre idée est approuvée !","ideas.confirm-modal.essence":"L'essence de l'idée :","ideas.confirm-modal.reason":"Argument de confirmation :","ideas.confirm-view.button.approve":"Approuver","ideas.confirm-view.button.deny":"Refuser","ideas.confirm-view.old-idea":"Une idée dépassée !","ideas.confirm-view.idea":"Idée:","ideas.confirm-view.refused":"Refusé | {name}","ideas.confirm-view.idea-content":"{mention} Votre idée a été rejetée !","ideas.confirm-view.title":"L'idée est refusée !","ideas.idea-modal.label":"Parlez-nous de votre idée","ideas.idea-modal.placeholder":"Décrivez votre idée de manière aussi détaillée que possible avec des exemples d'utilisation.","ideas.idea-modal.embed-description":"Que l’idée soit approuvée ou non dépend de vous !","ideas.idea-modal.idea":"Idée:","ideas.idea-modal.thread-name":"Discussion de l'idée de {name}","ideas.idea-view.timeout-message":"Vous ne pouvez proposer une idée qu'une fois toutes les 30 minutes\nLa prochaine opportunité de soumettre une idée sera : <t:{time}:R>","settings.start.title":"Configuration des modules du bot.","settings.start.choose":"Choisissez les paramètres...","settings.start.description":"Interagissez avec le menu déroulant de sélection pour configurer le serveur.","settings.start.request":"Demande de {name}","settings.module-name.economy":"Économie","settings.module-name.languages":"Langues","settings.module-name.prefix":"Préfixe","settings.module-name.music":"Musique","settings.module-name.color":"Couleur des messages système","settings.module-name.reactions":"Réactions automatiques","settings.module-name.thread":"Message automatique dans un fil de discussion/une publication","settings.module-name.command-permission":"Paramètres de commande","settings.module-name.ideas":"Idées","settings.module-name.welcomer":"Bienvenue aux nouveaux membres","settings.module-name.auto-roles":"Rôles automatiques","settings.module-name.role-reactions":"Rôles de réaction","settings.button.back":"Dos","settings.button.edit":"Modifier","settings.button.reset":"Réinitialiser","settings.button.add":"Ajouter","settings.prefix.title":"Préfixe","settings.prefix.description":"Définition du préfixe auquel le bot répondra lors de l'appel de la commande.","settings.prefix.current":"Le préfixe actuel est {prefix}","settings.languages.title":"Langues","settings.languages.description":"Ce paramètre modifie la langue de travail avec le bot.","settings.languages.choose":"Sélectionnez la langue du serveur :","settings.color.not-valid":"Le format du code hexadécimal est incorrect","settings.color.title":"Couleur des messages système","settings.color.description":"Lorsque vous utilisez des commandes, le bot affiche les inserts qui ont une couleur invisible par défaut.\n\nVous pouvez définir votre couleur en fonction du thème de votre communauté.","settings.color.current":"Couleur actuelle","settings.auto-role.button.install":"Installer des rôles","settings.auto-role.button.delete":"Supprimer des rôles","settings.auto-role.placeholder":"Sélectionnez les rôles attribués automatiquement aux nouveaux membres","settings.auto-role.embed.title":"Rôles automatiques","settings.auto-role.embed.description":"Le panneau de contrôle pour les rôles automatiques.\nVous pouvez installer, modifier, supprimer et afficher ces actions à partir du panneau.\nSi vous ne voyez pas les rôles automatiques, c'est qu'ils ne sont pas sélectionnés !","settings.auto-role.embed.field":"Rôles sélectionnés :","settings.welcomer.button.delete":"Supprimer le message","settings.welcomer.button.view":"Voir message","settings.welcomer.button.install":"Message d'installation","settings.welcomer.embed.title":"Message de bienvenue","settings.welcomer.embed.description":"Envoi automatique de messages lorsqu'un participant se connecte au serveur\n\nSi vous souhaitez changer de chaîne, sélectionnez-la à nouveau et définissez le message\n\nPour modifier un message, sélectionnez la chaîne actuelle et définissez un nouveau message pour celle-ci.","settings.welcomer.embed.field.selected":"Canal d'accueil sélectionné: {channel}","settings.welcomer.embed.field.failure":"Toutes les données n'ont pas encore été collectées.","settings.welcomer.dropdown-placeholder":"Sélectionnez la chaîne de bienvenue","settings.welcomer.modal.title":"Message de bienvenue","settings.welcomer.modal.label":"Message","settings.welcomer.modal.placeholder":"Vous pouvez également utiliser le générateur d'intégration","settings.thread.init.title":"Messages automatiques dans les forums/threads","settings.thread.init.brief":"Messages automatiques","settings.thread.init.description":"Ajoutez ou modifiez vos publications automatiques dans les forums/threads","settings.thread.init.placeholder":"Paramètres de message automatique dans les branches/forums:","settings.thread.init.channel":"Canal: {channel}","settings.thread.addptional.button.install_mes":"Message d'installation","settings.thread.addptional.button.install-mes":"Message d'installation","settings.thread.addptional.channel-error":"Des messages automatiques ont déjà été installés sur cette chaîne","settings.thread.addptional.placeholder":"Sélectionnez un canal pour les messages automatiques","settings.thread.thread.mes-not-found":"Aucun message trouvé","settings.thread.thread.button.view":"Afficher le message","settings.thread.thread.button.edit":"Modifier un message","settings.thread.thread.button.delete":"Supprimer un message","settings.thread.modal.label":"Message:","settings.thread.modal.title":"Messages automatiques","settings.thread.modal.placeholder":"Vous pouvez également utiliser le constructeur intégré","settings.reactions.init.title":"Réactions automatiques","settings.reactions.init.brief":"Réactions automatiques","settings.reactions.init.description":"Contrôle de l'ajout automatique de réactions dans les canaux","settings.reactions.init.emoji":"Émoji","settings.reactions.init.channel":"Canal","settings.reactions.init.placeholder":"Paramètres de réaction automatique :","settings.reactions.addres.channel-error":"Des réactions automatiques ont déjà été installées sur cette chaîne","settings.reactions.addres.install_emoji":"Installer des emoji","settings.reactions.addres.placeholder":"Sélectionnez un canal pour les réactions automatiques","settings.reactions.buttons.delete":"Supprimer la réaction","settings.reactions.buttons.edit":"Modifier la réaction","settings.reactions.modal.title":"Réaction automatique","settings.reactions.modal.label":"Émoji :","settings.reactions.button.delete":"Supprimer la réaction","settings.reactions.button.edit":"Modifier la réaction","settings.music.title":"Musique","settings.music.max-queue-size.name":"taille max","settings.music.max-queue-size.description":"Longueur de file d'attente de piste maximale.","settings.music.max-queue-size.value":"Taille maximale de la file d'attente: {size}","settings.music.default-volume.name":"Volume par défaut","settings.music.default-volume.description":"Le volume de musique par défaut.","settings.music.default-volume.value":"Musique de volume par défaut: {volume}","settings.music.dj-roles.failed":"Le rôle {role} ne peut pas être attribué et est utilisé pour l'intégration ou par un bot.","settings.music.dj-roles.name":"Dj","settings.music.dj-roles.description":"Rôles qui peuvent contrôler la musique.","settings.music.dj-roles.value":"DJ rôles: {roles}","delcat.issue.title":"Es-tu sûr?","delcat.issue.description":"Cela supprimera en permanence la catégorie {category} et chaque canal à l'intérieur.","delcat.accept.title":"#{category} catégorie supprimée","delcat.accept.description":"Et aussi des canaux à distance {count} qui étaient dans la catégorie","delcat.cancel.title":"Suppression de catégorie annulée"}