{"bot-info.title":"{name} ini adalah bot multifungsi","bot-info.description":"Bot dirancang untuk memudahkan pengelolaan server dan dilengkapi dengan berbagai alat otomatisasi","bot-info.info-server":"Informasi tentang server","bot-info.prefix-server":"> Awalan server - `{prefix}`","translate.placeholder":"Akan memilih bahasa yang sesuai:","translate.failed":"Pesan ini tidak memiliki konten, jadi kami tidak dapat menerjemahkannya.","captcha.congratulation":"Selamat Anda telah lolos captcha!","captcha.enter":"Anda punya waktu 30 detik untuk menyelesaikan captcha!","captcha.failed":"CAPTCHA gagal","activiti.failed":"Aktivitas ini tidak tersedia atau tidak berfungsi","activiti.embed.title":"Aktivitas telah berhasil dibuat!","activiti.embed.description":"Namun, beberapa jenis aktivitas mungkin tidak tersedia untuk server Anda jika tingkat peningkatan tidak memenuhi persyaratan aktivitas.","activiti.fields.label":"Nama aktivitas","activiti.fields.max-user":"Jumlah maksimum pengguna","help.title":"Buku Bantuan","help.arguments":"[Opsional] | <Wajib>","help.command-embed.title":"Bantuan pada perintah `{name}`.","help.command-embed.info":"Informasi","help.command-embed.category":"Kategori: `{category_emoji}{category_name}`\n","help.command-embed.aliases":"Alias: {aliases}\n","help.command-embed.disable_command":"Bisakah saya mematikannya? **{value}**\n","help.command-embed.connection_disabled.0":"Tidak","help.command-embed.connection_disabled.1":"Ya","help.command-embed.using_command":"Menggunakan: `{using}`\n","help.command-embed.example":"Contoh №{number}","help.command-notfound.title":"Perintah tidak ditemukan","help.command-notfound.description":"Saat mencari perintah, kami tidak menemukannya, lihat lagi di daftar umum perintah","help.command-invalid.title":"Perintah tersebut tidak valid","help.command-invalid.description":"Kemungkinan besar Anda salah memasukkan nama tim, mungkin mengandung beberapa karakter aneh","errors.MissingPermissions":"Anda tidak memiliki cukup hak","errors.MissingRole":"Anda tidak memiliki peran yang cocok untuk menjalankan perintah","errors.MissingChannel":"Anda tidak dapat menjalankan perintah ini di saluran ini","errors.NotOwner":"Perintah ini ditujukan untuk pemilik bot","errors.CommandNotFound":"Tidak ada perintah seperti itu","errors.CheckFailure":"Anda tidak memenuhi semua persyaratan","errors.BadArgument":"Argumen yang dimasukkan tidak valid","errors.DisabledCommand":"Perintah ini dinonaktifkan di server","errors.MissingRequiredArgument":"Anda tidak memasukkan argumen yang diperlukan","errors.InactiveEconomy":"Sistem ekonomi dinonaktifkan di server","errors.OnlyTeamError":"Perintah ini hanya dapat digunakan oleh tim bot","errors.MemberNotFound":"Peserta tidak dapat ditemukan","errors.CommandOnCooldown.title":"Perintahnya ditunda","errors.CommandOnCooldown.description":"Coba lagi setelah {delay}.","errors.DisabledEconomy":"Sistem ekonomi dinonaktifkan di server","music-selector.title":"Pilih trek yang Anda minati!","music-selector.placeholder":"Pilih trek","ideas.globals.title":"Menyarankan sebuah ide","ideas.globals.ideas-disabled":"Modul **ide** dinonaktifkan di server ini","ideas.globals.embed-title":"Ide baru!","ideas.confirm-modal.reason-label":"Argumen:","ideas.confirm-modal.embed.title":"Ide baru!","ideas.confirm-modal.embed.field":"Ide lama!","ideas.confirm-modal.idea.content":"{mention} Ide Anda disetujui!","ideas.confirm-modal.idea.embed.title":"Idenya disetujui!","ideas.confirm-modal.idea.embed.field":"Inti dari idenya:","ideas.confirm-modal.idea.embed.reason":"Argumen konfirmasi:","ideas.confirm-modal.approve":"Disetujui | {name}","ideas.confirm-modal.title":"Idenya disetujui!","ideas.confirm-modal.content":"{mention} Ide Anda disetujui!","ideas.confirm-modal.essence":"Inti dari idenya:","ideas.confirm-modal.reason":"Argumen konfirmasi:","ideas.confirm-view.button.approve":"Menyetujui","ideas.confirm-view.button.deny":"Membantah","ideas.confirm-view.old-idea":"Ide yang ketinggalan jaman!","ideas.confirm-view.idea":"Ide:","ideas.confirm-view.refused":"Menolak | {name}","ideas.confirm-view.idea-content":"{mention} Ide Anda telah ditolak!","ideas.confirm-view.title":"Idenya ditolak!","ideas.idea-modal.label":"Beritahu kami tentang ide Anda","ideas.idea-modal.placeholder":"Jelaskan ide Anda sedetail mungkin dengan contoh penggunaan.","ideas.idea-modal.embed-description":"Disetujui atau tidaknya ide itu tergantung pada Anda!","ideas.idea-modal.idea":"Ide:","ideas.idea-modal.thread-name":"Diskusi ide dari {name}","ideas.idea-view.timeout-message":"Anda hanya dapat mengajukan ide setiap 30 menit sekali\nKesempatan penyampaian ide selanjutnya adalah melalui: <t:{time}:R>","settings.start.title":"Mengonfigurasi modul bot.","settings.start.choose":"Pilih pengaturan...","settings.start.description":"Berinteraksi dengan menu tarik-turun pilihan untuk mengonfigurasi server.","settings.start.request":"Permintaan dari {name}","settings.module-name.economy":"Ekonomi","settings.module-name.languages":"Bahasa","settings.module-name.prefix":"Awalan","settings.module-name.music":"Musik","settings.module-name.color":"Warna pesan sistem","settings.module-name.reactions":"Reaksi Otomatis","settings.module-name.thread":"Pesan otomatis di thread/postingan","settings.module-name.command-permission":"Pengaturan Perintah","settings.module-name.ideas":"Ide ide","settings.module-name.welcomer":"Selamat datang anggota baru","settings.module-name.auto-roles":"Peran otomatis","settings.module-name.role-reactions":"Peran reaksi","settings.button.back":"Kembali","settings.button.edit":"Sunting","settings.button.reset":"Mengatur ulang","settings.button.add":"Menambahkan","settings.prefix.title":"Awalan","settings.prefix.description":"Menetapkan awalan yang akan ditanggapi bot saat memanggil perintah.","settings.prefix.current":"Awalan saat ini adalah {prefix}","settings.languages.title":"Bahasa","settings.languages.description":"Pengaturan ini mengubah bahasa untuk bekerja dengan bot.","settings.languages.choose":"Pilih bahasa untuk server:","settings.color.not-valid":"Format kode hex salah","settings.color.title":"Warna pesan sistem","settings.color.description":"Saat Anda menggunakan perintah, bot menampilkan sisipan yang memiliki warna tidak terlihat secara default.\n\nAnda dapat mengatur warna sesuai dengan tema komunitas Anda.","settings.color.current":"Warna saat ini","settings.auto-role.button.install":"Instal peran","settings.auto-role.button.delete":"Hapus peran","settings.auto-role.placeholder":"Pilih peran yang ditetapkan secara otomatis untuk anggota baru","settings.auto-role.embed.title":"Peran otomatis","settings.auto-role.embed.description":"Panel kontrol untuk peran otomatis.\nAnda dapat menginstal, mengedit, menghapus, dan melihat tindakan tersebut dari panel.\nJika Anda tidak melihat peran otomatis, maka peran tersebut tidak dipilih!","settings.auto-role.embed.field":"Peran yang dipilih:","settings.welcomer.button.delete":"Hapus pesan","settings.welcomer.button.view":"Lihat pesan","settings.welcomer.button.install":"Instal pesan","settings.welcomer.embed.title":"Salam pesan","settings.welcomer.embed.description":"Pengiriman pesan otomatis ketika peserta masuk ke server\n\nJika ingin mengganti saluran, cukup pilih lagi dan atur pesannya\n\nUntuk mengubah pesan, pilih saluran saat ini dan atur pesan baru untuk saluran tersebut","settings.welcomer.embed.field.selected":"Saluran ucapan terpilih: {channel}","settings.welcomer.embed.field.failure":"Belum semua data terkumpul.","settings.welcomer.dropdown-placeholder":"Pilih saluran selamat datang","settings.welcomer.modal.title":"Salam pesan","settings.welcomer.modal.label":"Pesan","settings.welcomer.modal.placeholder":"Anda juga dapat menggunakan pembuat penyematan","settings.thread.init.title":"Pesan otomatis di forum/thread","settings.thread.init.brief":"Pesan otomatis","settings.thread.init.description":"Tambahkan atau ubah postingan otomatis Anda di forum/utas","settings.thread.init.placeholder":"Pengaturan pesan otomatis di cabang/forum:","settings.thread.init.channel":"Saluran: {channel}","settings.thread.addptional.button.install_mes":"Instal pesan","settings.thread.addptional.button.install-mes":"Instal pesan","settings.thread.addptional.channel-error":"Pesan otomatis telah dipasang di saluran ini","settings.thread.addptional.placeholder":"Pilih saluran untuk pesan otomatis","settings.thread.thread.mes-not-found":"Tidak ada pesan yang ditemukan","settings.thread.thread.button.view":"Lihat pesannya","settings.thread.thread.button.edit":"Mengedit pesan","settings.thread.thread.button.delete":"Hapus pesan","settings.thread.modal.label":"Pesan:","settings.thread.modal.title":"Pesan otomatis","settings.thread.modal.placeholder":"Anda juga dapat menggunakan pembuat penyematan","settings.reactions.init.title":"Reaksi otomatis","settings.reactions.init.brief":"Reaksi otomatis","settings.reactions.init.description":"Kontrol penambahan reaksi otomatis dalam saluran","settings.reactions.init.emoji":"emoji","settings.reactions.init.channel":"Saluran","settings.reactions.init.placeholder":"Pengaturan reaksi otomatis:","settings.reactions.addres.channel-error":"Reaksi otomatis telah dipasang di saluran ini","settings.reactions.addres.install_emoji":"Instal emoji","settings.reactions.addres.placeholder":"Pilih saluran untuk reaksi otomatis","settings.reactions.buttons.delete":"Hapus reaksi","settings.reactions.buttons.edit":"Sunting reaksi","settings.reactions.modal.title":"Reaksi otomatis","settings.reactions.modal.label":"Emoji:","settings.reactions.button.delete":"Hapus reaksi","settings.reactions.button.edit":"Sunting reaksi","settings.music.title":"Musik","settings.music.max-queue-size.name":"Ukuran maksimal","settings.music.max-queue-size.description":"Panjang antrian trek maksimum.","settings.music.max-queue-size.value":"Ukuran antrian maksimum: {size}","settings.music.default-volume.name":"Volume default","settings.music.default-volume.description":"Volume musik default.","settings.music.default-volume.value":"Musik volume default: {volume}","settings.music.dj-roles.failed":"Peran {role} tidak dapat ditetapkan dan digunakan untuk integrasi atau dengan bot.","settings.music.dj-roles.name":"DJ-ROLE","settings.music.dj-roles.description":"Peran yang dapat mengontrol musik.","settings.music.dj-roles.value":"Dj-roles: {roles}","delcat.issue.title":"Apa kamu yakin?","delcat.issue.description":"Ini secara permanen akan menghapus kategori {category} dan setiap saluran di dalamnya.","delcat.accept.title":"#{category} kategori dihapus","delcat.accept.description":"Dan juga saluran {count} jarak jauh yang ada dalam kategori tersebut","delcat.cancel.title":"Penghapusan kategori dibatalkan"}