{"bot-info.title":"{name} to wielofunkcyjny bot","bot-info.description":"Bot ma na celu ułatwienie zarządzania serwerem i jest wyposażony w różne narzędzia automatyzujące","bot-info.info-server":"Informacje o serwerze","bot-info.prefix-server":"> Prefiks serwera - `{prefix}`","translate.placeholder":"Wybierze odpowiedni język:","translate.failed":"Ta wiadomość nie ma treści, więc nie będziemy mogli jej przetłumaczyć.","captcha.congratulation":"Gratulacje, udało Ci się przejść captcha!","captcha.enter":"Masz 30 sekund na rozwiązanie captcha!","captcha.failed":"Błąd CAPTCHA","activiti.failed":"To działanie jest niedostępne lub nie działa","activiti.embed.title":"Działanie zostało pomyślnie utworzone!","activiti.embed.description":"Jednakże niektóre typy działań mogą nie być dostępne dla Twojego serwera, jeśli poziom wzmocnienia nie spełnia wymagań dotyczących aktywności.","activiti.fields.label":"Nazwa działania","activiti.fields.max-user":"Maksymalna liczba użytkowników","help.title":"Książka pomocy","help.arguments":"[Opcjonalnie] | <Wymagane>","help.command-embed.title":"Pomoc dotycząca polecenia `{name}`.","help.command-embed.info":"Informacje","help.command-embed.category":"Kategoria: `category_emoji}{category_name}`\n","help.command-embed.aliases":"Aliasy: {aliases}\n","help.command-embed.disable_command":"Czy mogę to wyłączyć? **{value}**\n","help.command-embed.connection_disabled.0":"Nie","help.command-embed.connection_disabled.1":"Tak","help.command-embed.using_command":"Używanie: `{using}`\n","help.command-embed.example":"Przykład №{number}","help.command-notfound.title":"Nie znaleziono polecenia","help.command-notfound.description":"Szukając polecenia, nie znaleźliśmy go, spójrz na to ponownie na ogólnej liście poleceń","help.command-invalid.title":"Polecenie jest nieprawidłowe","help.command-invalid.description":"Najprawdopodobniej błędnie wpisałeś nazwę zespołu, być może zawiera ona jakieś dziwne znaki","errors.MissingPermissions":"Nie masz wystarczających praw","errors.MissingRole":"Nie masz odpowiedniej roli, aby wykonać polecenie","errors.MissingChannel":"Nie możesz wykonać tego polecenia w tym kanale","errors.NotOwner":"To polecenie jest przeznaczone dla właściciela bota","errors.CommandNotFound":"Nie ma takiego polecenia","errors.CheckFailure":"Nie spełniasz wszystkich warunków","errors.BadArgument":"Wprowadzono nieprawidłowy argument","errors.DisabledCommand":"To polecenie jest wyłączone na serwerze","errors.MissingRequiredArgument":"Nie podałeś wymaganego argumentu","errors.InactiveEconomy":"System ekonomiczny jest wyłączony na serwerze","errors.OnlyTeamError":"To polecenie może być użyte tylko przez zespół botów","errors.MemberNotFound":"Nie udało się znaleźć uczestnika","errors.CommandOnCooldown.title":"Polecenie jest wstrzymane","errors.CommandOnCooldown.description":"Spróbuj ponownie po {delay}.","errors.DisabledEconomy":"System ekonomiczny jest wyłączony na serwerze","music-selector.title":"Wybierz utwór, który Cię interesuje!","music-selector.placeholder":"Wybierz utwór","ideas.globals.title":"Zasugerował pomysł","ideas.globals.ideas-disabled":"Moduł **idea** jest wyłączony na tym serwerze","ideas.globals.embed-title":"Nowy pomysł!","ideas.confirm-modal.reason-label":"Argument:","ideas.confirm-modal.embed.title":"Nowy pomysł!","ideas.confirm-modal.embed.field":"Stary pomysł!","ideas.confirm-modal.idea.content":"{mention} Twój pomysł został zatwierdzony!","ideas.confirm-modal.idea.embed.title":"Pomysł został zatwierdzony!","ideas.confirm-modal.idea.embed.field":"Istota pomysłu:","ideas.confirm-modal.idea.embed.reason":"Argument potwierdzający:","ideas.confirm-modal.approve":"Zatwierdzone | {name}","ideas.confirm-modal.title":"Pomysł został zatwierdzony!","ideas.confirm-modal.content":"{mention} Twój pomysł został zatwierdzony!","ideas.confirm-modal.essence":"Istota pomysłu:","ideas.confirm-modal.reason":"Argument potwierdzający:","ideas.confirm-view.button.approve":"Zatwierdzić","ideas.confirm-view.button.deny":"Zaprzeczyć","ideas.confirm-view.old-idea":"Przestarzały pomysł!","ideas.confirm-view.idea":"Pomysł:","ideas.confirm-view.refused":"Odmówił | {name}","ideas.confirm-view.idea-content":"{mention} Twój pomysł został odrzucony!","ideas.confirm-view.title":"Pomysł został odrzucony!","ideas.idea-modal.label":"Opowiedz nam o swoim pomyśle","ideas.idea-modal.placeholder":"Opisz swój pomysł tak szczegółowo, jak to możliwe, za pomocą przykładów użycia.","ideas.idea-modal.embed-description":"To, czy pomysł zostanie zaakceptowany, czy nie, zależy od Ciebie!","ideas.idea-modal.idea":"Pomysł:","ideas.idea-modal.thread-name":"Dyskusja na temat pomysłu od {name}","ideas.idea-view.timeout-message":"Pomysł można zaproponować tylko raz na 30 minut\nNastępną okazją do przesłania pomysłu będzie: <t:{time}:R>","settings.start.title":"Konfiguracja modułów bota.","settings.start.choose":"Wybierz ustawienia...","settings.start.description":"Skorzystaj z rozwijanego menu wyboru, aby skonfigurować serwer.","settings.start.request":"Prośba od: {name}","settings.module-name.economy":"Gospodarka","settings.module-name.languages":"Języki","settings.module-name.prefix":"Prefiks","settings.module-name.music":"Muzyka","settings.module-name.color":"Kolor komunikatów systemowych","settings.module-name.reactions":"Reakcje automatyczne","settings.module-name.thread":"Automatyczna wiadomość w wątku/poście","settings.module-name.command-permission":"Ustawienia poleceń","settings.module-name.ideas":"Pomysły","settings.module-name.welcomer":"Witamy nowych członków","settings.module-name.auto-roles":"Role automatyczne","settings.module-name.logs":"Dzienniki","settings.button.back":"Z powrotem","settings.button.edit":"Edytować","settings.button.reset":"Resetowanie","settings.button.add":"Dodać","settings.prefix.title":"Prefiks","settings.prefix.description":"Ustawienie prefiksu, na który bot będzie reagował przy wywołaniu polecenia.","settings.prefix.current":"Obecny prefiks to {prefix}","settings.languages.title":"Języki","settings.languages.description":"To ustawienie zmienia język pracy z botem.","settings.languages.choose":"Wybierz język serwera:","settings.color.not-valid":"Format kodu szesnastkowego jest nieprawidłowy","settings.color.title":"Kolor komunikatów systemowych","settings.color.description":"Podczas korzystania z poleceń bot domyślnie wyświetla wstawki, które mają niewidoczny kolor.\n\nMożesz ustawić kolor zgodnie z tematyką swojej społeczności.","settings.color.current":"Aktualny kolor","settings.auto-role.button.install":"Zainstaluj role","settings.auto-role.button.delete":"Usuń role","settings.auto-role.placeholder":"Wybierz automatycznie przypisane role nowym członkom","settings.auto-role.embed.title":"Role automatyczne","settings.auto-role.embed.description":"Panel sterowania dla ról automatycznych.\nZ poziomu panelu możesz instalować, edytować, usuwać i przeglądać takie akcje.\nJeśli nie widzisz ról automatycznych, oznacza to, że nie zostały one wybrane!","settings.auto-role.embed.field":"Wybrane role:","settings.welcomer.button.delete":"Usuń wiadomość","settings.welcomer.button.view":"Wyświetl wiadomośc","settings.welcomer.button.install":"Zainstaluj wiadomość","settings.welcomer.embed.title":"Wiadomość powitalna","settings.welcomer.embed.description":"Automatyczne wysyłanie wiadomości w momencie zalogowania się uczestnika na serwerze\n\nJeśli chcesz zmienić kanał, po prostu wybierz go ponownie i ustaw komunikat\n\nAby zmienić wiadomość, wybierz bieżący kanał i ustaw dla niego nową wiadomość","settings.welcomer.embed.field.selected":"Wybrany kanał powitalny: {channel}","settings.welcomer.embed.field.failure":"Nie wszystkie dane zostały jeszcze zebrane.","settings.welcomer.dropdown-placeholder":"Wybierz kanał powitalny","settings.welcomer.modal.title":"Wiadomość powitalna","settings.welcomer.modal.label":"Wiadomość","settings.welcomer.modal.placeholder":"Możesz także użyć kreatora osadzania","settings.thread.init.title":"Automatyczne wiadomości na forach/wątkach","settings.thread.init.brief":"Automatyczne wiadomości","settings.thread.init.description":"Dodaj lub zmień swoje automatyczne posty na forach/wątkach","settings.thread.init.placeholder":"Ustawienia automatycznych wiadomości w oddziałach/forach:","settings.thread.init.channel":"Kanał: {channel}","settings.thread.addptional.button.install_mes":"Zainstaluj wiadomość","settings.thread.addptional.button.install-mes":"Zainstaluj wiadomość","settings.thread.addptional.channel-error":"Automatyczne wiadomości zostały już zainstalowane na tym kanale","settings.thread.addptional.placeholder":"Wybierz kanał dla automatycznych wiadomości","settings.thread.thread.mes-not-found":"Nie znaleziono wiadomości","settings.thread.thread.button.view":"Wyświetl wiadomość","settings.thread.thread.button.edit":"Edytuj wiadomość","settings.thread.thread.button.delete":"Usuń wiadomość","settings.thread.modal.label":"Wiadomość:","settings.thread.modal.title":"Automatyczne wiadomości","settings.thread.modal.placeholder":"Możesz także użyć narzędzia embed-builder","settings.reactions.init.title":"Reakcje automatyczne","settings.reactions.init.brief":"Autoreakcje","settings.reactions.init.description":"Sterowanie automatycznym dodawaniem reakcji w kanałach","settings.reactions.init.emoji":"Emoji","settings.reactions.init.channel":"Kanał","settings.reactions.init.placeholder":"Ustawienia automatycznej reakcji:","settings.reactions.addres.channel-error":"Na tym kanale zainstalowano już automatyczne reakcje","settings.reactions.addres.install_emoji":"Zainstaluj emoji","settings.reactions.addres.placeholder":"Wybierz kanał automatycznych reakcji","settings.reactions.buttons.delete":"Usuń reakcję","settings.reactions.buttons.edit":"Edytuj reakcję","settings.reactions.modal.title":"Autoreakcja","settings.reactions.modal.label":"Emotikony:","settings.reactions.button.delete":"Usuń reakcję","settings.reactions.button.edit":"Edytuj reakcję","settings.music.title":"Muzyka","settings.music.max-queue-size.name":"największy rozmiar","settings.music.max-queue-size.description":"Maksymalna długość kolejki toru.","settings.music.max-queue-size.value":"Maksymalny rozmiar kolejki: {size}","settings.music.default-volume.name":"Domyślna objętość","settings.music.default-volume.description":"Domyślny tom muzyczny.","settings.music.default-volume.value":"Domyślna muzyka woluminów: {volume}","settings.music.dj-roles.failed":"Rola {role} nie można przypisać i służy do integracji lub przez bot.","settings.music.dj-roles.name":"Role DJ-a","settings.music.dj-roles.description":"Role, które mogą kontrolować muzykę.","settings.music.dj-roles.value":"Role DJ: {roles}"}