{"bot-info.title":"{name} это многофункциональный бот","bot-info.description":"Бот предназначен для облегчения управления сервером и оснащен различными средствами автоматизации\nПрефикс сервера: `{префикс}`","bot-info.assembly":"Версия: `{version}`\nХэш: `{hash}`\nДата создания: <t:{time}:D> (<t:{time}:R>)","translate.placeholder":"Выберем подходящий язык:","translate.failed":"Это сообщение не содержит содержания, поэтому мы не сможем его перевести.","captcha.congratulation":"Поздравляем, вы прошли проверку captcha!","captcha.enter":"У вас есть 30 секунд, чтобы разгадать капчу!","captcha.failed":"Не удалось ввести капчу","activiti.failed":"Это действие недоступно или не работает","activiti.embed.title":"** Действие успешно создано!**","activiti.embed.description":"Однако некоторые виды активности могут быть недоступны для вашего сервера, если уровень повышения не соответствует требованиям к активности.","activiti.fields.label":"Название вида деятельности","activiti.fields.max-user":"Максимальное количество пользователей","help.title":"Справочная книга","help.arguments":"[Необязательно] | <Требуется>","help.command-embed.title":"Справка по команде \"{имя}\".","help.command-embed.info":"Информация","help.command-embed.category":"Категория: `{category_emoji}{category_name}`\n","help.command-embed.aliases":"Псевдонимы: {псевдонимы}\n","help.command-embed.disable_command":"Могу ли я отключить это? **{value}**\n","help.command-embed.connection_disabled.0":"Нет","help.command-embed.connection_disabled.1":"Да","help.command-embed.using_command":"Используя: `{используя}`\n","help.command-embed.example":"Пример №{number}","help.command-notfound.title":"Команда не найдена","help.command-notfound.description":"При поиске команды мы ее не нашли, посмотрите на нее еще раз в общем списке команд","help.command-invalid.title":"Команда недействительна","help.command-invalid.description":"Скорее всего, вы неправильно ввели название команды, возможно, оно содержит какие-то странные символы","errors.MissingPermissions":"У тебя недостаточно прав","errors.MissingRole":"У вас нет подходящей роли для выполнения команды","errors.MissingChannel":"Вы не можете выполнить эту команду в этом канале","errors.NotOwner":"Эта команда предназначена для владельца бота","errors.CommandNotFound":"Такой команды не существует","errors.CheckFailure":"Вы не выполняете всех условий","errors.BadArgument":"Введен недопустимый аргумент","errors.DisabledCommand":"Эта команда отключена на сервере","errors.MissingRequiredArgument":"Вы не ввели обязательный аргумент","errors.InactiveEconomy":"Система экономии на сервере отключена","errors.OnlyTeamError":"Эта команда может быть использована только командой бота","errors.MemberNotFound":"Не удалось найти участника","errors.CommandOnCooldown.title":"Команда находится в режиме ожидания","errors.CommandOnCooldown.description":"Повторите попытку после {delay}.","errors.DisabledEconomy":"Система экономии на сервере отключена","music-selector.title":"Выберите интересующий вас трек!","music-selector.placeholder":"Выберите трек","ideas.globals.title":"Подсказал идею","ideas.globals.ideas-disabled":"Модуль **idea** отключен на этом сервере","ideas.globals.embed-title":"Новая идея!","ideas.confirm-modal.approve":"Одобрено | {name}","ideas.confirm-modal.title":"Идея одобрена!","ideas.confirm-modal.content":"{mention} Ваша идея одобрена!","ideas.confirm-modal.essence":"Суть идеи:","ideas.confirm-modal.reason":"Аргумент подтверждения:","ideas.confirm-view.button.approve":"Одобрить","ideas.confirm-view.button.deny":"Отрицать","ideas.confirm-view.idea":"Идея:","ideas.confirm-view.refused":"Отказано | {namr}","ideas.confirm-view.idea-content":"{mention} Ваша идея была отклонена!","ideas.confirm-view.title":"От этой идеи отказываются!","ideas.idea-modal.label":"Расскажите нам о своей идее","ideas.idea-modal.placeholder":"Опишите вашу идею как можно более подробно с примерами использования.","ideas.idea-modal.embed-description":"Будет ли одобрена ваша идея или нет, зависит только от вас!","ideas.idea-modal.idea":"Идея:","ideas.idea-modal.thread-name":"Обсуждение идеи из {name}","ideas.idea-view.timeout-message":"Вы можете предлагать идею только раз в 30 минут\nСледующая возможность подать идею будет через: <t:{time}:R>","delcat.issue.title":"Вы уверены?","delcat.issue.description":"Это приведет к необратимому удалению категории {category} и всех каналов внутри нее.","delcat.accept.title":"#{категория} Категория удалена","delcat.accept.description":"А также удаленно {count} каналы, которые были в этой категории","delcat.cancel.title":"Удаление категории отменено","settings.start.title":"Настройка модулей бота.","settings.start.choose":"Выберите настройки...","settings.start.description":"Воспользуйтесь выпадающим меню выбора, чтобы настроить сервер.","settings.start.request":"Запрос от {name}","settings.module-name.economy":"Экономика","settings.module-name.languages":"Языки","settings.module-name.prefix":"Префикс","settings.module-name.music":"Музыка","settings.module-name.color":"Цвет системных сообщений","settings.module-name.reactions":"Автоматические реакции","settings.module-name.thread":"Автоматическое сообщение в теме/публикации","settings.module-name.command-permission":"Настройки команд","settings.module-name.ideas":"Идеи","settings.module-name.welcomer":"Приветствуем новых участников","settings.module-name.auto-roles":"Автоматические роли","settings.module-name.role-reactions":"Роли реагирования","settings.module-name.logs":"Журнал изменений","settings.button.back":"Назад","settings.button.edit":"Редактировать","settings.button.reset":"Сброс","settings.button.add":"Добавь","settings.prefix.title":"Префикс","settings.prefix.description":"Установка префикса, на который бот будет реагировать при вызове команды.","settings.prefix.current":"Текущий префикс - `{prefix}`","settings.languages.title":"Языки","settings.languages.description":"Эта настройка изменяет язык для работы с ботом.","settings.languages.choose":"Выберите язык для сервера:","settings.color.not-valid":"Неверный формат шестнадцатеричного кода","settings.color.title":"Цвет системных сообщений","settings.color.description":"Когда вы используете команды, бот отображает вставки, которые по умолчанию имеют невидимый цвет.\n\nВы можете настроить свой цвет в соответствии с тематикой вашего сообщества.","settings.color.current":"Текущий цвет: `{hex_color}`","settings.auto-role.button.install":"Установка ролей","settings.auto-role.button.delete":"Удаление ролей","settings.auto-role.placeholder":"Выберите автоматически назначаемые роли для новых участников","settings.auto-role.embed.title":"Автоматические роли","settings.auto-role.embed.description":"Панель управления автоматическими ролями.\nВы можете устанавливать, редактировать, удалять и просматривать такие действия с панели.\nЕсли вы не видите автоматические роли, значит, они не выбраны!","settings.auto-role.embed.field":"Выбранные роли:","settings.welcomer.button.delete":"Удалить сообщение","settings.welcomer.button.view":"Просмотреть сообщение","settings.welcomer.button.install":"Сообщение об установке","settings.welcomer.embed.title":"Приветственное сообщение","settings.welcomer.embed.description":"Автоматическая отправка сообщений при входе участника на сервер\n\nЕсли вы хотите изменить канал, просто выберите его еще раз и установите сообщение\n\nЧтобы изменить сообщение, выберите текущий канал и установите для него новое сообщение","settings.welcomer.embed.field.selected":"Выбранный канал приветствия: {channel}","settings.welcomer.embed.field.failure":"Еще не все данные были собраны.","settings.welcomer.dropdown-placeholder":"Выберите канал приветствия","settings.welcomer.modal.title":"Приветственное сообщение","settings.welcomer.modal.label":"Сообщение","settings.welcomer.modal.placeholder":"Вы также можете использовать embedded builder","settings.thread.init.title":"Автоматические сообщения в форумах/темах","settings.thread.init.brief":"Автоматические сообщения","settings.thread.init.description":"Добавляйте или изменяйте свои автоматические сообщения в форумах /темах","settings.thread.init.placeholder":"Настройки автосообщений в филиалах/форумах:","settings.thread.init.channel":"Канал: {channel}","settings.thread.addptional.button.install-mes":"Сообщение об установке","settings.thread.addptional.channel-error":"На этом канале уже установлены автоматические сообщения","settings.thread.addptional.placeholder":"Выберите канал для автоматической рассылки сообщений","settings.thread.thread.mes-not-found":"Сообщение не найдено","settings.thread.thread.button.view":"Просмотреть сообщение","settings.thread.thread.button.edit":"Редактировать сообщение","settings.thread.thread.button.delete":"Удалить сообщение","settings.thread.modal.label":"Сообщение:","settings.thread.modal.title":"Автоматические сообщения","settings.thread.modal.placeholder":"Вы также можете использовать embedded-builder","settings.reactions.init.title":"Автоматические реакции","settings.reactions.init.brief":"Автоматические реакции","settings.reactions.init.description":"Управление автоматическим добавлением реакций в каналы","settings.reactions.init.placeholder":"Настройки автоматической реакции:","settings.reactions.init.dddesc":"Канал: {channel}\nЭмодзи: {emojis}","settings.reactions.addres.channel-error":"На этом канале уже установлены автоматические реакции","settings.reactions.addres.placeholder":"Выберите канал для автоматической реакции","settings.reactions.addres.install-emoji":"Установите эмодзи","settings.reactions.modal.title":"Автоматическая реакция","settings.reactions.modal.label":"Эмодзи:","settings.reactions.button.delete":"Удалить реакцию","settings.reactions.button.edit":"Редактировать реакцию","settings.music.title":"Музыка","settings.music.max-queue-size.name":"Максимальный размер","settings.music.max-queue-size.description":"Максимальная длина очереди треков.","settings.music.max-queue-size.value":"Максимальный размер очереди: {size}\n","settings.music.default-volume.name":"Громкость по умолчанию","settings.music.default-volume.description":"Громкость музыки по умолчанию.","settings.music.default-volume.value":"Громкость музыки по умолчанию: {volume}\n","settings.music.dj-roles.failed":"Роль {role} не может быть назначена и используется для интеграции или ботом.","settings.music.dj-roles.name":"Роли диджеев","settings.music.dj-roles.description":"Роли, которые могут управлять музыкой.","settings.music.dj-roles.value":"Роли диджеев: {roles}"}