{"bot-info.title":"{name} bu çok işlevli bir bottur","bot-info.description":"Bot, sunucu yönetimini kolaylaştırmak için tasarlanmıştır ve çeşitli otomasyon araçlarıyla donatılmıştır.","bot-info.info-server":"Sunucu hakkında bilgi","bot-info.prefix-server":"> Sunucu öneki - `{prefix}`","translate.placeholder":"Uygun dili seçecektir:","translate.failed":"Bu mesajın içeriği yok, bu yüzden çeviremeyeceğiz.","captcha.congratulation":"Tebrikler captcha'yı geçtiniz!","captcha.enter":"Captcha'yı çözmek için 30 saniyeniz var!","captcha.failed":"Captcha başarısız oldu","activiti.failed":"Bu etkinlik kullanılamıyor veya çalışmıyor","activiti.embed.title":"Etkinlik başarıyla oluşturuldu!","activiti.embed.description":"Ancak, yükseltme düzeyi etkinlik gereksinimlerini karşılamıyorsa bazı etkinlik türleri sunucunuz için kullanılamayabilir.","activiti.fields.label":"Etkinlik adı","activiti.fields.max-user":"Maksimum kullanıcı sayısı","help.title":"Yardım Kitabı","help.arguments":"[İsteğe bağlı] | <Gerekli>","help.command-embed.title":"`{name}` komutuyla ilgili yardım.","help.command-embed.info":"Bilgi","help.command-embed.category":"Kategori: `{category_emoji}{category_name}`\n","help.command-embed.aliases":"Takma adlar: {aliases}\n","help.command-embed.disable_command":"Kapatabilir miyim? **{value}**\n","help.command-embed.connection_disabled.0":"Hayır","help.command-embed.connection_disabled.1":"Evet","help.command-embed.using_command":"Kullanılıyor: `{using}`\n","help.command-embed.example":"Örnek №{number}","help.command-notfound.title":"Komut bulunamadı","help.command-notfound.description":"Komut ararken bulamadık, genel komut listesine tekrar bakın","help.command-invalid.title":"Komut geçersiz","help.command-invalid.description":"Büyük olasılıkla takımın adını yanlış girdiniz, belki de bazı garip karakterler içeriyor","errors.MissingPermissions":"Yeterli haklarınız yok","errors.MissingRole":"Komutu yürütmek için uygun bir rolünüz yok","errors.MissingChannel":"Bu komutu bu kanalda çalıştıramazsınız","errors.NotOwner":"Bu komut bot sahibine yöneliktir","errors.CommandNotFound":"öyle bir komut yok","errors.CheckFailure":"Tüm koşulları yerine getirmiyorsunuz","errors.BadArgument":"Geçersiz bağımsız değişken girildi","errors.DisabledCommand":"Bu komut sunucuda devre dışı bırakıldı","errors.MissingRequiredArgument":"Gerekli bir argüman girmediniz","errors.InactiveEconomy":"Sunucuda ekonomi sistemi devre dışı bırakıldı","errors.OnlyTeamError":"Bu komut yalnızca bot ekibi tarafından kullanılabilir","errors.MemberNotFound":"Katılımcı bulunamadı","errors.CommandOnCooldown.title":"Komut beklemede","errors.CommandOnCooldown.description":"{delay} sonra tekrar deneyin.","errors.DisabledEconomy":"Sunucuda ekonomi sistemi devre dışı bırakıldı","music-selector.title":"İlgilendiğiniz parçayı seçin!","music-selector.placeholder":"Bir parça seçin","ideas.globals.title":"Bir fikir önerdi","ideas.globals.ideas-disabled":"**idea** modülü bu sunucuda devre dışı bırakıldı","ideas.globals.embed-title":"Yeni fikir!","ideas.confirm-modal.reason-label":"Argüman:","ideas.confirm-modal.embed.title":"Yeni fikir!","ideas.confirm-modal.embed.field":"Eski fikir!","ideas.confirm-modal.idea.content":"{mention} Fikriniz onaylandı!","ideas.confirm-modal.idea.embed.title":"Fikir onaylandı!","ideas.confirm-modal.idea.embed.field":"Fikrin özü:","ideas.confirm-modal.idea.embed.reason":"Onay argümanı:","ideas.confirm-modal.approve":"Onaylandı | {name}","ideas.confirm-modal.title":"Fikir onaylandı!","ideas.confirm-modal.content":"{mention} Fikriniz onaylandı!","ideas.confirm-modal.essence":"Fikrin özü:","ideas.confirm-modal.reason":"Onay argümanı:","ideas.confirm-view.button.approve":"Onaylamak","ideas.confirm-view.button.deny":"Reddetmek","ideas.confirm-view.old-idea":"Modası geçmiş bir fikir!","ideas.confirm-view.idea":"Fikir:","ideas.confirm-view.refused":"Reddedildi | {name}","ideas.confirm-view.idea-content":"{mention} Fikriniz reddedildi!","ideas.confirm-view.title":"Fikir reddedildi!","ideas.idea-modal.label":"Bize fikrinizden bahsedin","ideas.idea-modal.placeholder":"Fikrinizi kullanım örnekleriyle mümkün olduğunca ayrıntılı olarak açıklayın.","ideas.idea-modal.embed-description":"Fikrin onaylanıp onaylanmaması size bağlıdır!","ideas.idea-modal.idea":"Fikir:","ideas.idea-modal.thread-name":"{name}'ın fikrinin tartışılması","ideas.idea-view.timeout-message":"Yalnızca 30 dakikada bir fikir önerebilirsiniz\nFikir göndermek için bir sonraki fırsat şu şekilde olacaktır: <t:{time}:R>","settings.start.title":"Bot modüllerini yapılandırma.","settings.start.choose":"Ayarları seçin...","settings.start.description":"Sunucuyu yapılandırmak için seçim açılır menüsüyle etkileşim kurun.","settings.start.request":"{name} tarafından talep edildi","settings.module-name.economy":"Ekonomi","settings.module-name.languages":"Diller","settings.module-name.prefix":"Önek","settings.module-name.music":"Müzik","settings.module-name.color":"Sistem mesajlarının rengi","settings.module-name.reactions":"Otomatik Reaksiyonlar","settings.module-name.thread":"Bir başlıkta/gönderide otomatik mesaj","settings.module-name.command-permission":"Komut Ayarları","settings.module-name.ideas":"Fikirler","settings.module-name.welcomer":"Yeni üyelere hoş geldiniz","settings.module-name.auto-roles":"Otomatik roller","settings.module-name.role-reactions":"Reaksiyon Rolleri","settings.button.back":"Geri","settings.button.edit":"Düzenlemek","settings.button.reset":"Sıfırla","settings.button.add":"Eklemek","settings.prefix.title":"Önek","settings.prefix.description":"Komutu çağırırken botun yanıt vereceği öneki ayarlama.","settings.prefix.current":"Geçerli önek: {prefix}","settings.languages.title":"Diller","settings.languages.description":"Bu ayar, botla çalışma dilini değiştirir.","settings.languages.choose":"Sunucunun dilini seçin:","settings.color.not-valid":"Onaltılı kod formatı yanlış","settings.color.title":"Sistem mesajlarının rengi","settings.color.description":"Komutları kullandığınızda bot, varsayılan olarak görünmez bir renge sahip ekleri görüntüler.\n\nRenginizi topluluğunuzun temasına göre ayarlayabilirsiniz.","settings.color.current":"Mevcut renk","settings.auto-role.button.install":"Rolleri yükle","settings.auto-role.button.delete":"Rolleri sil","settings.auto-role.placeholder":"Yeni üyeler için otomatik olarak atanan rolleri seçin","settings.auto-role.embed.title":"Otomatik roller","settings.auto-role.embed.description":"Otomatik roller için kontrol paneli.\nBu tür eylemleri panelden kurabilir, düzenleyebilir, silebilir ve görüntüleyebilirsiniz.\nOtomatik rolleri görmüyorsanız seçilmemişlerdir!","settings.auto-role.embed.field":"Seçilen roller:","settings.welcomer.button.delete":"Mesajı sil","settings.welcomer.button.view":"Mesajı görüntüle","settings.welcomer.button.install":"Mesajı yükle","settings.welcomer.embed.title":"Mesaj tebrik","settings.welcomer.embed.description":"Bir katılımcı sunucuda oturum açtığında mesajların otomatik olarak gönderilmesi\n\nKanalı değiştirmek istiyorsanız tekrar seçip mesajı ayarlamanız yeterlidir.\n\nBir mesajı değiştirmek için mevcut kanalı seçin ve bunun için yeni bir mesaj ayarlayın.","settings.welcomer.embed.field.selected":"Seçilen tebrik kanalı: {channel}","settings.welcomer.embed.field.failure":"Tüm veriler henüz toplanmadı.","settings.welcomer.dropdown-placeholder":"Karşılama kanalını seçin","settings.welcomer.modal.title":"Mesaj tebrik","settings.welcomer.modal.label":"İleti","settings.welcomer.modal.placeholder":"Ayrıca yerleştirme oluşturucuyu da kullanabilirsiniz","settings.thread.init.title":"Forumlarda/konularda otomatik mesajlar","settings.thread.init.brief":"Otomatik mesajlar","settings.thread.init.description":"Forumlara/konulara otomatik gönderilerinizi ekleyin veya değiştirin","settings.thread.init.placeholder":"Şubelerde/forumlarda otomatik mesaj ayarları:","settings.thread.init.channel":"Kanal: {channel}","settings.thread.addptional.button.install_mes":"Mesajı yükle","settings.thread.addptional.button.install-mes":"Mesajı yükle","settings.thread.addptional.channel-error":"Bu kanala otomatik mesajlar zaten yüklendi","settings.thread.addptional.placeholder":"Otomatik mesajlar için bir kanal seçin","settings.thread.thread.mes-not-found":"Mesaj bulunamadı","settings.thread.thread.button.view":"Mesajı görüntüle","settings.thread.thread.button.edit":"Mesajı düzenleme","settings.thread.thread.button.delete":"Mesajı silme","settings.thread.modal.label":"İleti:","settings.thread.modal.title":"Otomatik mesajlar","settings.thread.modal.placeholder":"Embed-builder'ı da kullanabilirsiniz","settings.reactions.init.title":"Otomatik reaksiyonlar","settings.reactions.init.brief":"Otomatik reaksiyonlar","settings.reactions.init.description":"Kanallara reaksiyonların otomatik eklenmesinin kontrolü","settings.reactions.init.emoji":"Emoji","settings.reactions.init.channel":"Kanal","settings.reactions.init.placeholder":"Otomatik reaksiyon ayarları:","settings.reactions.addres.channel-error":"Bu kanalda otomatik reaksiyonlar zaten yüklü","settings.reactions.addres.install_emoji":"Emojiyi yükle","settings.reactions.addres.placeholder":"Otomatik reaksiyonlar için bir kanal seçin","settings.reactions.buttons.delete":"Tepkiyi sil","settings.reactions.buttons.edit":"Tepkiyi düzenle","settings.reactions.modal.title":"Otomatik reaksiyon","settings.reactions.modal.label":"Emoji:","settings.reactions.button.delete":"Tepkiyi sil","settings.reactions.button.edit":"Tepkiyi düzenle","settings.music.title":"Müzik","settings.music.max-queue-size.name":"Maksimum Boyut","settings.music.max-queue-size.description":"Maksimum parça kuyruk uzunluğu.","settings.music.max-queue-size.value":"Maksimum kuyruk boyutu: {size}","settings.music.default-volume.name":"Varsayılan ses","settings.music.default-volume.description":"Varsayılan müzik hacmi.","settings.music.default-volume.value":"Varsayılan cilt müzik: {volume}","settings.music.dj-roles.failed":"{role} rolü atanamaz ve entegrasyon veya bir bot tarafından kullanılır.","settings.music.dj-roles.name":"DJ Rolleri","settings.music.dj-roles.description":"Müziği kontrol edebilen roller.","settings.music.dj-roles.value":"DJ-Roles: {roles}","delcat.issue.title":"Emin misin?","delcat.issue.description":"Bu, {category} kategorisini ve içindeki her kanalı kalıcı olarak silecektir.","delcat.accept.title":"#{category} kategori silindi","delcat.accept.description":"Ve ayrıca kategorideki uzaktan {count} kanalları","delcat.cancel.title":"Kategori silme iptal edildi"}